Segment,Accuracy,Precision,Recall,F1,ROC_AUC
1,0.9436619718309859,0.8333333333333334,0.625,0.7142857142857143,0.9940476190476191
2,0.9090909090909091,0.7142857142857143,0.7142857142857143,0.7142857142857143,0.9517374517374517
0,0.8888888888888888,0.0,0.0,0.0,0.97265625
